{"cameraMode":{"drawMode":0,"name":"Shaded","section":"Shading Mode"},"sceneLighting":true,"audioPlay":false,"sceneViewState":{"showFog":true,"showMaterialUpdate":false,"showSkybox":true,"showFlares":true,"showImageEffects":true,"showParticleSystems":true},"in2DMode":false,"pivot":{"x":2.889185905456543,"y":7.644491195678711,"z":11.941944122314454},"rotation":{"x":0.09539522975683212,"y":0.3476463258266449,"z":-0.03560628741979599,"w":0.9320805668830872},"size":22.011228561401368,"orthographic":true}